ds,holiday
2020-01-01,Новый год
2020-01-07,Рождество
2020-02-23,День защитника Отечества
2020-03-08,Международный женский день
2020-05-01,Праздник весны и труда
2020-05-09,День Победы
2020-06-12,День России
2020-11-04,День народного единства
2021-01-01,Новый год
2021-01-07,Рождество
2021-02-23,День защитника Отечества
2021-03-08,Международный женский день
2021-05-01,Праздник весны и труда
2021-05-09,День Победы
2021-06-12,День России
2021-11-04,День народного единства
2022-01-01,Новый год
2022-01-07,Рождество
2022-02-23,День защитника Отечества
2022-03-08,Международный женский день
2022-05-01,Праздник весны и труда
2022-05-09,День Победы
2022-06-12,День России
2022-11-04,День народного единства
2023-01-01,Новый год
2023-01-07,Рождество
2023-02-23,День защитника Отечества
2023-03-08,Международный женский день
2023-05-01,Праздник весны и труда
2023-05-09,День Победы
2023-06-12,День России
2023-11-04,День народного единства